ref,domain,ar,tgt,tgt_lang,license
hadith:tirmidhi:2251,hadith,"حدثنا عبد بن حميد، اخبرنا عبد الرزاق، اخبرنا معمر، عن الزهري، عن سالم بن عبد الله، وابي، بكر بن سليمان وهو ابن ابي حثمة ان عبد الله بن عمر، قال صلى بنا رسول الله صلى الله عليه وسلم ذات ليلة صلاة العشاء في اخر حياته فلما سلم قال ‏""‏ ارايتكم ليلتكم هذه على راس مائة سنة منها لا يبقى ممن هو على ظهر الارض احد ‏""‏ ‏.‏ قال ابن عمر فوهل الناس في مقالة رسول الله صلى الله عليه وسلم تلك فيما يتحدثونه من هذه الاحاديث عن مائة سنة وانما قال رسول الله صلى الله عليه وسلم ‏""‏ لا يبقى ممن هو اليوم على ظهر الارض احد ‏""‏ ‏.‏ يريد بذلك ان ينخرم ذلك القرن ‏.‏ قال ابو عيسى هذا حديث صحيح ‏.‏","Abdurrahman b. Ömer (r.a.)’den rivâyet edilmiştir. Dedi ki: Rasûlullah (s.a.v.), hayatının son günlerinde bir gece bize yatsı namazını kıldırdı ve selam verince şöyle buyurdu: “Şu gecenizi görüyormusunuz? Bundan yüz sene sonra bugün şu toprağın üzerinde olanlardan hiç kimse hayatta kalmayacaktır.” İbn Ömer diyor ki: İnsanlar yüz seneye dair bu hadisleri rivâyet ederlerken Rasûlullah (s.a.v.)’in bu sözü hakkında yanlış yorumlara düştüler. Halbuki Rasûlullah (s.a.v.) bu hadisinde sahabe asrının sona ereceğini söylemek istemiştir.” Diğer tahric: Ebû Dâvûd, Melahım; Müslim, Fedail-us Sahabe Tirmizî: Bu hadis sahihtir. Hızır (Aleyhisselâm)'ın vefat ettiğini söyleyenler bu hadislerle istidlal etmişlerdir. Cumhura göre Hızır (Aleyhisselâm) sağdır. Onlar bu hadisleri te'vil ederek Hızır (Aleyhisselâm)'ın o gün su üzerinde olduğunu yahut hadisin umumundan tahsis edildiğini söylemişlerdir",tr,"Unlicense (aggregator); translator=Unknown; original translator copyright not independently confirmed, see PLAN.md"
hadith:muslim:634,hadith,حدثنا امية بن بسطام، ومحمد بن عبد الاعلى، قالا حدثنا المعتمر، عن ابيه، قال حدثني بكر بن عبد الله، عن ابن المغيرة، عن ابيه، ان النبي صلى الله عليه وسلم مسح على الخفين ومقدم راسه وعلى عمامته ‏.‏,"Bize Umeyye b. Bistam ve Muhammed b. Abdula'la tahdis edip dediler ki: Bize el-Mutemir babasından şöyle dediğini tahdis etti: Bana Bekr b. Abdullah, İbn el-Muğire'den tahdis etti. Onun babasından rivayet ettiğine göre Nebi (Sallallahu aleyhi ve Sellem) mest1erine, başının ön tarafına ve sarığına mesh etti. Diğer tahric: Ebu Davud, 150; Tirmizi, 100; Nesai, 107; Tuhfetu'l-Eşraf, 11494 NEVEVİ ŞERHİ: ""Bize el-Mutemir babasından tahdis etti. .. İbn Muğire'den, o babasından."" Bu isnadta birbirinden rivayet nakleden tabiinden dört kişi vardır. Bunlar Ebu'l-Mu'temir, Süleyman b. Tarhan, Bekr b. Abdullah, Hasan-ı Basri ve az önce geçtiği gibi adı Hamza olan İbnu'l-Muğire'dir. Tabiinden olan bu dört kişinin dördü de -KOfeli olan İbnu'l-Muğire dışında- Basrahdırlar",tr,"Unlicense (aggregator); translator=Unknown; original translator copyright not independently confirmed, see PLAN.md"
hadith:bukhari:587,hadith,حدثنا محمد بن ابان، قال حدثنا غندر، قال حدثنا شعبة، عن ابي التياح، قال سمعت حمران بن ابان، يحدث عن معاوية، قال انكم لتصلون صلاة، لقد صحبنا رسول الله صلى الله عليه وسلم فما رايناه يصليها، ولقد نهى عنهما، يعني الركعتين بعد العصر‏.‏,"Muaviye'nin şöyle dediği nakledilmiştir; ""Siz öyle bir namaz kılıyorsunuz ki, biz Nebi Sallallahu Aleyhi ve Sellem İle birlikte olduk. Onun sizin bu namazınız gibi bir namaz kıldığına şahit olmadık. Muhakkak ki o, bunları."" (Bu sözleriyle ikindi namazından sonra kılınan iki rekatı kasdetmiştir.) Tekrar:",tr,"Unlicense (aggregator); translator=Unknown; original translator copyright not independently confirmed, see PLAN.md"
hadith:bukhari:524,hadith,حدثنا محمد بن المثنى، قال حدثنا يحيى، قال حدثنا اسماعيل، قال حدثنا قيس، عن جرير بن عبد الله، قال بايعت رسول الله صلى الله عليه وسلم على اقام الصلاة، وايتاء الزكاة، والنصح لكل مسلم‏.‏,"Cerîr bin Abdullah (r.a.)'ın şöyle dediği nakledilmiştir: ""Nebi Sallallahu Aleyhi ve Sellem'e namazı kılmak, zekatı vermek ve her müslümana nasihat etmek üzere biat ettim. Tekrar:",tr,"Unlicense (aggregator); translator=Unknown; original translator copyright not independently confirmed, see PLAN.md"
hadith:abudawud:3798,hadith,حدثنا موسى بن اسماعيل، حدثنا غالب بن حجرة، حدثني ملقام بن تلب، عن ابيه، قال صحبت النبي صلى الله عليه وسلم فلم اسمع لحشرة الارض تحريما ‏.‏,(Milkâm b. Telibb'in) babasından rivayet olunmuştur; dedi ki: Ben Nebi (s.a.v.) ile (uzun süre) birlikte bulundum. (Ondan) küçük canlıların haram olduğuna dair (hiçbir söz) duymadım,tr,"Unlicense (aggregator); translator=Unknown; original translator copyright not independently confirmed, see PLAN.md"
hadith:abudawud:3645,hadith,"حدثنا احمد بن يونس، حدثنا ابن ابي الزناد، عن ابيه، عن خارجة، - يعني ابن زيد بن ثابت - قال قال زيد بن ثابت امرني رسول الله صلى الله عليه وسلم فتعلمت له كتاب يهود وقال ‏ ""‏ اني والله ما امن يهود على كتابي ‏""‏ ‏.‏ فتعلمته فلم يمر بي الا نصف شهر حتى حذقته فكنت اكتب له اذا كتب واقرا له اذا كتب اليه ‏.‏","Zeyd b. Sâbit'in (r.a) şöyle dediği rivayet olunmuştur: Rasûlullah (s.a.v.) bana emretti de ben kendisi (ne hizmet etmek) için yahudilerin yazısını öğrendim. (Hz. Nebi bu hususta bana) ""Vallahi yazışmalarım hususunda yahudilere güvenemiyorum"" dedi. Ben de yarım ay geçmeden yahudilerin yazısını iyice öğrendim. (Rasûlullah (s.a.v.) bir mektup) yaz (mak iste)diği zaman kendisine ben yazıveriyordum. Kendisine bir mektup yazıldığı zaman da ben okuyuveriyordum",tr,"Unlicense (aggregator); translator=Unknown; original translator copyright not independently confirmed, see PLAN.md"
hadith:abudawud:2407,hadith,"حدثنا ابو الوليد الطيالسي، حدثنا شعبة، عن محمد بن عبد الرحمن، - يعني ابن سعد بن زرارة - عن محمد بن عمرو بن حسن، عن جابر بن عبد الله، ان رسول الله صلى الله عليه وسلم راى رجلا يظلل عليه والزحام عليه فقال ‏ ""‏ ليس من البر الصيام في السفر ‏""‏ ‏.‏","Câbir b. Abdullah (r.a.)'dan rivayet edildiğine göre, Rasûlullah (s.a.v.), etrafı kalabalık (bir insan topluluğu) olan ve kendisine (Ramazan da aşırı sıcak dolayısıyla) gölge yapılan bir adam görüp; ""yolculukta oruç tutmak sevap değildir"" buyurdu",tr,"Unlicense (aggregator); translator=Unknown; original translator copyright not independently confirmed, see PLAN.md"
hadith:muslim:6114,hadith,وحدثني محمد بن احمد بن ابي خلف، حدثنا ابو سلمة، - وهو منصور بن سلمة الخزاعي - اخبرنا ليث، عن يزيد بن الهاد، عن ابن شهاب، بهذا الاسناد مثله سواء ‏.‏,"{m-130} Bana Muhammed h. Ahmed b. Ebî Halef de rivayet etti. (Dediki): Bize Ebû Usâme rivayet etti. Bu zat Mansur b. Selemete'l-Huzâî'dir. (Dediki): Bize Leys, Yezid b. Hâd'dan, o da İbni Şihab'dan naklen bu isnadla tamamıyle bu hadîsin mislini haber verdi",tr,"Unlicense (aggregator); translator=Unknown; original translator copyright not independently confirmed, see PLAN.md"
hadith:bukhari:5075,hadith,حدثنا قتيبة بن سعيد، حدثنا جرير، عن اسماعيل، عن قيس، قال قال عبد الله كنا نغزو مع رسول الله صلى الله عليه وسلم وليس لنا شىء فقلنا الا نستخصي فنهانا عن ذلك ثم رخص لنا ان ننكح المراة بالثوب، ثم قرا علينا ‏{‏يا ايها الذين امنوا لا تحرموا طيبات ما احل الله لكم ولا تعتدوا ان الله لا يحب المعتدين‏}‏‏.‏,"Kays'tan, dedi ki: ""Abdullah dedi ki: Rasulullah Sallallahu Aleyhi ve Sellem ile birlikte gazaya çıkardık. Hiçbir şeyimiz de yoktu. Bizler: Hayalanmızı burmayalım mı, dedik. O bize bunu nehyetti. Daha sonra bizlere bir elbise karşılığında kadın (lar ile) nikahlanmamıza müsaade etti. Sonra da bizlere: 'Ey iman edenler! Allah'ın size helal kıldığı o en temiz şeyleri (kendinize) haram kılmayın ve haddi aşmayın. Çünkü Allah haddi aşanlan sevmez.' (Maide, 87) buyruğunu okudu",tr,"Unlicense (aggregator); translator=Unknown; original translator copyright not independently confirmed, see PLAN.md"
hadith:bukhari:7124,hadith,"حدثنا سعد بن حفص، حدثنا شيبان، عن يحيى، عن اسحاق بن عبد الله بن ابي طلحة، عن انس بن مالك، قال قال النبي صلى الله عليه وسلم ‏ ""‏ يجيء الدجال حتى ينزل في ناحية المدينة، ثم ترجف المدينة ثلاث رجفات، فيخرج اليه كل كافر ومنافق ‏""‏‏.‏","Enes b. Malik r.a.'in nakline göre Resulullah Sallallahu Aleyhi ve Sellem şöyle anlatmıştır: ""Deccal gelecek, nihayet Medine'nin bir tarafına inecek. Sonra Medine üç kere sal/anacak da orada bulunan her kafir ve münafık ona doğru çıkıp gidecektir",tr,"Unlicense (aggregator); translator=Unknown; original translator copyright not independently confirmed, see PLAN.md"
hadith:abudawud:3672,hadith,حدثنا احمد بن محمد المروزي، حدثنا علي بن حسين، عن ابيه، عن يزيد النحوي، عن عكرمة، عن ابن عباس، قال ‏{‏ يا ايها الذين امنوا لا تقربوا الصلاة وانتم سكارى ‏}‏ و ‏{‏ يسالونك عن الخمر والميسر قل فيهما اثم كبير ومنافع للناس ‏}‏ نسختهما التي في المائدة ‏{‏ انما الخمر والميسر والانصاب ‏}‏ الاية ‏.‏,"İbn Abbas (r.a)'dan rivayet olunmuştur, dedi ki: ""Ey insanlar; şarap, kumar, dikili taşlar (putlar) ve (üzerine yazılar yazılmış) şans okları...""[Mâide 90] âyet-i kerimesi; ""Ey inananlar; sarhoşken namaza yaklaşmayın...""[Nisâ 43] âyeti ile ""Sana şaraptan ve kumardan soruyorlar. De ki: O ikisinde büyük günah vardır; (bir takım) faydalar da vardır""[Bakara 219] âyetini neshetmiştir",tr,"Unlicense (aggregator); translator=Unknown; original translator copyright not independently confirmed, see PLAN.md"
hadith:bukhari:5643,hadith,"حدثنا مسدد، حدثنا يحيى، عن سفيان، عن سعد، عن عبد الله بن كعب، عن ابيه، عن النبي صلى الله عليه وسلم قال ‏ ""‏ مثل المؤمن كالخامة من الزرع تفيئها الريح مرة، وتعدلها مرة، ومثل المنافق كالارزة لا تزال حتى يكون انجعافها مرة واحدة ‏""‏‏.‏ وقال زكرياء حدثني سعد، حدثنا ابن كعب، عن ابيه، كعب عن النبي صلى الله عليه وسلم‏.‏","Abdullah b. Ka'b'dan, onun babasından rivayete göre ""Nebi Sallallahu Aleyhi ve Sellem şöyle buyurmuştur: Mu'min kimsenin misali, yeni bitmiş bir ekin gibidir. Rüzgar üzerine nereden eserse onu eğer. Bu ekin dimdik doğrulduğu vakit bela ile bir tarafa eğilir. Facir kimse ise -Allah dilediği vakit kökünden imha edinceye kadar- sert ve dimdik duran bir dağ servisine benzer."" Bu Hadis 7466 numara ilede geçiyor",tr,"Unlicense (aggregator); translator=Unknown; original translator copyright not independently confirmed, see PLAN.md"
hadith:tirmidhi:3442,hadith,"حدثنا احمد بن ابي عبيد الله السليمي البصري، حدثنا ابو قتيبة، سلم بن قتيبة عن ابراهيم بن عبد الرحمن بن يزيد بن امية، عن نافع، عن ابن عمر، قال كان رسول الله صلى الله عليه وسلم اذا ودع رجلا اخذ بيده فلا يدعها حتى يكون الرجل هو يدع يد النبي صلى الله عليه وسلم ويقول ‏ ""‏ استودع الله دينك وامانتك واخر عملك ‏""‏ ‏.‏ قال هذا حديث غريب من هذا الوجه ‏.‏ وروي هذا الحديث من غير وجه عن ابن عمر ‏.‏","İbn Ömer (r.a.)’den rivâyete göre, şöyle demiştir: Rasûlullah (s.a.v.), bir kişiyi uğurlayacağı zaman onun elini tutar, o kişi Nebiin elini bırakmadıkça elini bırakmaz ve şöyle duâ ederdi: “Dinini, Allah’a olan sorumluluğunu ve işlerinin sonunun iyi olmasını Allah’a emanet ederim.”",tr,"Unlicense (aggregator); translator=Unknown; original translator copyright not independently confirmed, see PLAN.md"
hadith:muslim:418,hadith,"حدثني محمد بن المثنى، وابن، بشار قال ابن المثنى حدثنا محمد بن جعفر، حدثنا شعبة، عن قتادة، قال سمعت ابا العالية، يقول حدثني ابن عم، نبيكم صلى الله عليه وسلم - يعني ابن عباس - قال ذكر رسول الله صلى الله عليه وسلم حين اسري به فقال ‏""‏ موسى ادم طوال كانه من رجال شنوءة ‏""‏ ‏.‏ وقال ‏""‏ عيسى جعد مربوع ‏""‏ ‏.‏ وذكر مالكا خازن جهنم وذكر الدجال ‏.‏","Bana Muhammed b. el-Müsenna ve İbn Beşşar tahdis etti. İbnu'l-Müsenna dedi ki: Bize Muhammed b. Cafer tahdis etti. Bize Şube, Katade'den tahdis etti. Ebu'l-Niye'yi şöyle derken dinledim: Bana Nebinizin (Sallallahu aleyhi ve Sellem) amcasının oğlu -İbn Abbas'ı kastediyor- tahdis edip dedi ki: Resulullah (Sallallahu aleyhi ve Sellem) isra'ya götürüldüğü zamanı sözkonusu ederek ""Musa buğday tenli, uzun boylu sanki Şenuelilerden bir adamı andıran birisi idi"" dedi. Ayrıca: ""İsa da derli toplu vücutlu ve orta boylu birisi idi"" dedi. Ayrıca cehennem'in bekçisi Malik'i ve Deccal'i de zikretti. "" Diğer tahric: Buhari, 3239, 3396; Tuhfetu'l-Eşraf",tr,"Unlicense (aggregator); translator=Unknown; original translator copyright not independently confirmed, see PLAN.md"
hadith:abudawud:3243,hadith,"حدثنا محمد بن عيسى، وهناد بن السري، - المعنى - قالا حدثنا ابو معاوية، حدثنا الاعمش، عن شقيق، عن عبد الله، قال قال رسول الله صلى الله عليه وسلم ‏""‏ من حلف على يمين هو فيها فاجر ليقتطع بها مال امرئ مسلم لقي الله وهو عليه غضبان ‏""‏ ‏.‏ فقال الاشعث في والله كان ذلك كان بيني وبين رجل من اليهود ارض فجحدني فقدمته الى النبي صلى الله عليه وسلم فقال لي النبي صلى الله عليه وسلم ‏""‏ الك بينة ‏""‏ ‏.‏ قلت لا ‏.‏ قال لليهودي ‏""‏ احلف ‏""‏ ‏.‏ قلت يا رسول الله اذا يحلف ويذهب بمالي فانزل الله تعالى ‏{‏ ان الذين يشترون بعهد الله وايمانهم ثمنا قليلا ‏}‏ الى اخر الاية ‏.‏","Abdullah (b. Mes'ûd) (r.a) Rasûlullah (s.a.v.)'in şöyle buyurduğunu haber vermiştir: ""Bir kimse, müslüman bir kimse'nin malını almak için yalan yere yemin ederse; Allah kendisine gazaplı olduğu halde Allah'a ulaşır.""Eş'as (r.a) dedi ki: Vallahi bu hadis benim hakkımdadır. Benimle bir yahudi'nin arasında (nidâlı) bir arazi vardı. Yahudi benim hakkımı inkâr etti. Durumu Hz. Nebi'e arzettim. Rasûlullah (s.a.v.) bana: “Delilin var mı?"" diye sordu. Hayır, dedim. O zaman yahudiye: “Yemin et!"" dedi. Ya Rasûlullah! Öyleyse yemin eder, malımı alır götürür, dedim. Bunun üzerine Allah: ""Allah'ın ahdini ve yeminlerini az bir değere değişenlerin,” âyetini indirdi. [Âl-i İmran]",tr,"Unlicense (aggregator); translator=Unknown; original translator copyright not independently confirmed, see PLAN.md"
hadith:tirmidhi:2142,hadith,"حدثنا علي بن حجر، قال: حدثنا اسماعيل بن جعفر، عن حميد، عن انس، قال قال رسول الله صلى الله عليه وسلم ‏""‏ اذا اراد الله بعبد خيرا استعمله ‏""‏ ‏.‏ فقيل كيف يستعمله يا رسول الله قال ‏""‏ يوفقه لعمل صالح قبل الموت ‏""‏ ‏.‏ قال ابو عيسى هذا حديث حسن صحيح ‏.‏","Enes (r.a.)’den rivâyete göre, şöyle demiştir: Rasûlullah (s.a.v.) şöyle buyurdu: “Allah bir kulu hakkında hayır isterse o kulunu kullanır. Bunun üzerine, Ey Allah’ın Rasûlü! Denildi, O kulu nasıl kullanır? Rasûlullah (s.a.v.): “Ölümünden önce onu Salih amel işlemeye muvaffak kılar” buyurdular. Diğer tahric: İbn Mâce, Mukaddime Tirmizî: Bu hadis hasen sahihtir",tr,"Unlicense (aggregator); translator=Unknown; original translator copyright not independently confirmed, see PLAN.md"
hadith:muslim:5954,hadith,"حدثنا عبد الله بن براد الاشعري، وابو كريب - واللفظ لابي كريب - قالا حدثنا ابو اسامة، عن بريد، عن ابي بردة، عن ابي موسى، عن النبي صلى الله عليه وسلم قال ‏ ""‏ ان مثلي ومثل ما بعثني الله به كمثل رجل اتى قومه فقال يا قوم اني رايت الجيش بعينى واني انا النذير العريان فالنجاء ‏.‏ فاطاعه طائفة من قومه فادلجوا فانطلقوا على مهلتهم وكذبت طائفة منهم فاصبحوا مكانهم فصبحهم الجيش فاهلكهم واجتاحهم فذلك مثل من اطاعني واتبع ما جئت به ومثل من عصاني وكذب ما جئت به من الحق ‏""‏ ‏.‏","Bize Abdullah b. Berrad El-Eş'âri ile Ebû Kureyb rivayet ettiler. Lâfız Ebû Kureyb'indir. (Dedilerki): Bize Ebû Usâme Büreyd'den, o da Ebû Bürde'den, o da Ebû Musa'dan, o da Nebi (Sallallahu Aleyhi ve Sellem)'den naklen rivayet etti. Söyle buyurmuşlar: «Şüphesiz benim ve Allah'ın benimle gönderdiği şeyin misâli bir adamın misâli gibidir. Ki : Kavmine gelir de: Ey kavmim, ben orduyu iki gözümle gördüm. Ben gerçekten soyunmuş uyarıcıyım. Kurtulmaya bakın! der. Kavminden bir taife ona itaat eder. Ve gecelikle yola düşerek yavaş yavaş giderler. Onlardan bir taife de onu yalanlayarak yerlerinde sabahlarlar ve ordu sabah baskını yaparak onları helak eder. Köklerini kurutur, işte bana itaat edip getirdiğime tâbi olanlarla, bana isyan edip getirdiğim hakkı yalanlayanların misâli, budur.» Bu hadîsi Buhari Rikak ve î'tisam bahislerinde tahrîc et­miştir. Soyunmuş uyarıcıdan murad : Korkunç haber getirendir. Eskiden Araplar'ın âdetine göre bir adam bir cemâati korkutmak ve kendilerine korkunç bir haber vermek isterse elbisesini çıkarır, şayet uzakta ise bu elbise ile kendilerine işarette bulunur. Bununla musibet haberi verdiğine işaret ederdi. Bunu ekseriyetle bir cemâatin öncüsü ve gözcüsü yapardı. Böyle yapması: Gören daha iyi farketsin, daha çok şaşsın ve manzara daha çirkin olsun diyedir. Bu şekil o cemâati düşman için hazırlanmaya daha çok teşvik eder. Bazılarına göre bunun mânâsı: «Ben, kendisine düşman yetişip, elbisesini alan uyarıcıyım. İşte sizi çıplak olarak uyarıyorum.» demektir. «Alâ nıühletihim» tâbiri Müs1im'in bütün nüshalarında burada olduğu gibidir. «Ekem'ü beyne's-Sahiheyn» nam eserde ikisinin de doğru olduğunu söylüyor. İzah 2285 te",tr,"Unlicense (aggregator); translator=Unknown; original translator copyright not independently confirmed, see PLAN.md"
hadith:ibnmajah:3159,hadith,حدثنا ابو بكر بن ابي شيبة، حدثنا وكيع، عن سفيان، عن عبد الرحمن بن عابس، عن ابيه، عن عائشة، قالت انما نهى رسول الله  صلى الله عليه وسلم  عن لحوم الاضاحي لجهد الناس ثم رخص فيها ‏.‏,"Âişe (r.anha)'dan rivayet edildiğine göre: Resulullah (Sallallahu Aleyhi ve Sellem), halk'ın maddi sıkıntısı nedeniyle kurbanların etlerini (saklamayı) yasaklamış. Sonra (sıkıntı kalmayınca) kurban etleri (ni saklamak) hakkında ruhsat vermiştir",tr,"Unlicense (aggregator); translator=Unknown; original translator copyright not independently confirmed, see PLAN.md"
hadith:ibnmajah:3662,hadith,"حدثنا هشام بن عمار، حدثنا صدقة بن خالد، حدثنا عثمان بن ابي العاتكة، عن علي بن يزيد، عن القاسم، عن ابي امامة، ان رجلا، قال يا رسول الله ما حق الوالدين على ولدهما قال ‏ ""‏ هما جنتك ونارك ‏""‏ ‏.‏","Ebu Ümame (r.a.)'den rivayet edildiğine göre: Bir adam: Ya Resulallah! Çocuğu üzerinde baba ve ananın hakkı nedir? diye sordu. Resulu-i Ekrem (Sallallahu Aleyhi ve Sellem): «Onlar senin cennet'in ve cehennemindir,» buyurdu. Not: Zevaid'de şöyle denilmiştir: İbn-i Main: ''Ali bin Yezid, el-Kasım'dan o da Ebu Ümame'den'' biçimindeki sened tamamen zayıftır, demiştir. Es-Sad de: Nakil ehli, Ali bin Yezid'in zayıflığı üzerinde ittifak etmişlerdir, der",tr,"Unlicense (aggregator); translator=Unknown; original translator copyright not independently confirmed, see PLAN.md"
hadith:abudawud:4178,hadith,"حدثنا زهير بن حرب الاسدي، حدثنا محمد بن عبد الله بن حرب الاسدي، حدثنا ابو جعفر الرازي، عن الربيع بن انس، عن جديه، قالا سمعنا ابا موسى، يقول قال رسول الله صلى الله عليه وسلم ‏ ""‏ لا يقبل الله تعالى صلاة رجل في جسده شىء من خلوق ‏""‏ ‏.‏ قال ابو داود جداه زيد وزياد ‏.‏","Rabi b. Enes, dedelerinden, Ebû Musa'yı şöyle derken işittiklerini nakletmiştir. Rasûlullah (s.a.v.): ""Allah (c.c.) bedeninde halûkdan bir eser olan adam'ın namazını kabul etmez"" buyurdu. Ebu Davud, Rabı'nin dedeleri: Zeyd ve Ziyûd'dır."" der",tr,"Unlicense (aggregator); translator=Unknown; original translator copyright not independently confirmed, see PLAN.md"
hadith:muslim:5533,hadith,"حدثنا يحيى بن يحيى، قال قرات على مالك عن نافع، عن القاسم بن محمد، عن عائشة، انها اشترت نمرقة فيها تصاوير فلما راها رسول الله صلى الله عليه وسلم قام على الباب فلم يدخل فعرفت او فعرفت في وجهه الكراهية فقالت يا رسول الله اتوب الى الله والى رسوله فماذا اذنبت فقال رسول الله صلى الله عليه وسلم ‏""‏ ما بال هذه النمرقة ‏""‏ ‏.‏ فقالت اشتريتها لك تقعد عليها وتوسدها ‏.‏ فقال رسول الله صلى الله عليه وسلم ‏""‏ ان اصحاب هذه الصور يعذبون ويقال لهم احيوا ما خلقتم ‏""‏ ‏.‏ ثم قال ‏""‏ ان البيت الذي فيه الصور لا تدخله الملائكة ‏""‏ ‏.‏","Bize Yahya b. Yahya rivayet etti. (Dediki): Mâlik'e Nâfi'den dinlediğim, onun da Kasım b. Muhammed'den, onun da Âişe'den naklettiği şu hadîsi okudum. Aişe üzerinde suretler bulunan küçük bir yastık satın almış. ResûluIIah (Sallallahu Aleyhi ve Sellem) kapı dışına çıkmış ve içeri girmemiş. (Âişe demişki): Ben yüzünden hoşnutsuzluğunu anladım. — Yahut hoşnutsuzluğu anlaşıldı.— Aişe: — Yâ Resûlallah! Allah'a ve Resulüne tevbe ediyorum. Ben ne suç işledim? demiş. Onun üzerine Resûlullah (Sallallahu Aleyhi ve Sellem): «Bu yastık ne oluyor?» buyurmuş. Âişe : — Ben onu senin için satın aldım. Onun üzerine oturur ve yaslanırsın! demiş. Resûlullah (Sallallahu Aleyhi ve Sellem): «Şüphesiz ki, bu suretlerin sahipleri azâb olunacaklar ve kendilerine; Yarattıklarınıza can verin! denilecektir.» buyurmuş. Sonra: «İçinde suret bulunan eve melekler girmez.»",tr,"Unlicense (aggregator); translator=Unknown; original translator copyright not independently confirmed, see PLAN.md"
hadith:bukhari:3930,hadith,حدثنا عبيد الله بن سعيد، حدثنا ابو اسامة، عن هشام، عن ابيه، عن عائشة  رضى الله عنها  قالت كان يوم بعاث يوما قدمه الله عز وجل لرسوله صلى الله عليه وسلم، فقدم رسول الله صلى الله عليه وسلم المدينة وقد افترق ملؤهم، وقتلت سراتهم في دخولهم في الاسلام‏.‏,"Aişe r.anha dedi ki: ""Buas günü, yüce Allah'ın Resulü lehine ve İslama girişlerine zemin olmak üzere önceden hazırlamayı takdir buyurduğu bir gün olmuştu. Çünkü Resulullah Sallallahu Aleyhi ve Sellem Medine'ye geldiğinde onların ileri gelenleri darmadağın olmuş, önderleri öldürülmüş bulunuyordu",tr,"Unlicense (aggregator); translator=Unknown; original translator copyright not independently confirmed, see PLAN.md"
hadith:ibnmajah:2055,hadith,"حدثنا احمد بن الازهر، حدثنا محمد بن الفضل، عن حماد بن زيد، عن ايوب، عن ابي قلابة، عن ابي اسماء، عن ثوبان، قال قال رسول الله  صلى الله عليه وسلم  ‏ ""‏ ايما امراة سالت زوجها الطلاق في غير ما باس فحرام عليها رائحة الجنة ‏""‏ ‏.‏","Sevbân (r.a.)'den rivayet edildiğine göre; Resulullah (Sallallahu Aleyhi ve Sellem) şöyle buyurdu, demiştir: «Hangi kadın çetin bir durum bulunmadığı halde kocasından boşanma isteğinde bulunursa ona cennet kokusu haramdır.»",tr,"Unlicense (aggregator); translator=Unknown; original translator copyright not independently confirmed, see PLAN.md"
hadith:abudawud:2405,hadith,حدثنا احمد بن يونس، حدثنا زائدة، عن حميد الطويل، عن انس، قال سافرنا مع رسول الله صلى الله عليه وسلم في رمضان فصام بعضنا وافطر بعضنا فلم يعب الصائم على المفطر ولا المفطر على الصائم ‏.‏,"Enes b. Mâlik (r.a)'den; demiştir ki: Rasülullah (s.a.v.) ile birlikte ramazanda yolculuk yaptık. Bir kısmımız oruç tuttu, bir kısmımız tutmadı. Oruç tutan tutmayanı, oruç tutmayan da tutam ayıplamadı",tr,"Unlicense (aggregator); translator=Unknown; original translator copyright not independently confirmed, see PLAN.md"
hadith:abudawud:4168,hadith,حدثنا احمد بن حنبل، ومسدد، قالا حدثنا يحيى، عن عبيد الله، قال حدثني نافع، عن عبد الله، قال لعن رسول الله صلى الله عليه وسلم الواصلة والمستوصلة والواشمة والمستوشمة ‏.‏,"Abdullah b. Ömer (r.a)'ın şöyle dediği rivayet edilmiştir. Rasûlullah (s.a.v.) saç ekleyene ve ekletene, dövme yapana ve yaptırana lanet etti",tr,"Unlicense (aggregator); translator=Unknown; original translator copyright not independently confirmed, see PLAN.md"
hadith:abudawud:3863,hadith,حدثنا مسلم بن ابراهيم، حدثنا هشام، عن ابي الزبير، عن جابر، ان النبي صلى الله عليه وسلم احتجم على وركه من وثء كان به ‏.‏,Câbir (r.a)'den rivayet olunduğuna göre; Rasûlullah (s.a.v.) kendisinde bulunan bir ağrıdan dolayı kalçasından kan aldırmıştır,tr,"Unlicense (aggregator); translator=Unknown; original translator copyright not independently confirmed, see PLAN.md"
hadith:tirmidhi:2280,hadith,"حدثنا احمد بن ابي عبيد الله السليمي البصري، حدثنا يزيد بن زريع، حدثنا سعيد، عن قتادة، عن محمد بن سيرين، عن ابي هريرة، قال قال رسول الله صلى الله عليه وسلم ‏""‏ الرؤيا ثلاث فرؤيا حق ورؤيا يحدث بها الرجل نفسه ورؤيا تحزين من الشيطان فمن راى ما يكره فليقم فليصل ‏""‏ ‏.‏ وكان يقول ‏""‏ يعجبني القيد واكره الغل القيد ثبات في الدين ‏""‏ ‏.‏ وكان يقول ‏""‏ من راني فاني انا هو فانه ليس للشيطان ان يتمثل بي ‏""‏ ‏.‏ وكان يقول ‏""‏ لا تقص الرؤيا الا على عالم او ناصح ‏""‏ ‏.‏ وفي الباب عن انس وابي بكرة وام العلاء وابن عمر وعائشة وابي موسى وجابر وابي سعيد وابن عباس وعبد الله بن عمرو ‏.‏ قال ابو عيسى هذا حديث حسن صحيح ‏.‏","Ebû Hureyre (r.a.)’den rivâyete göre, Rasûlullah (s.a.v.) şöyle buyurdu: “Rüya üç kısımdır; Biri hak ve gerçek rüyalardır, bir diğeri ise kişinin günlük yaşantısında kendisini meşgul eden şeylerden kaynaklanan rüyalar, üçüncüsü ise şeytanın üzüntü vermek için gösterdiği kabûslardır. Kim hoşuna gitmeyen bir rüya görürse kalkıp namaz kılsın.” Rasûlullah (s.a.v.), rüyalar hakkında şöyle buyurdu: Ayağa vurulan zincir hoşuma gider boyuna vurulan zincirden hoşlanmam; çünkü ayağa vurulan zincir dinde sebatlı olunacağına işarettir. Rasûlullah (s.a.v.) konuşmasını şöyle sürdürdü: “Kim beni rüyada görürse ben o gördüğü kimseyim çünkü şeytan benim şeklime giremez yine Rasûlullah (s.a.v.) rüya konusunda şöyle derdi: Rüyayı bilgili bir kimseye veya samimi ve nasihat edici birisine anlatın.” Diğer tahric: Dârimî, Rüya; İbn Mâce: Ta’biri rüya Tirmizî: Bu konuda Enes, Ebû Bekre, Ümmü-l Alâ, İbn Ömer, Âişe, Ebû Musa, Câbir, Ebû Saîd, İbn Abbâs ve Abdullah b. Amr’dan da hadis rivâyet edilmiştir. Tirmizî: Bu hadis hasen sahihtir",tr,"Unlicense (aggregator); translator=Unknown; original translator copyright not independently confirmed, see PLAN.md"
hadith:ibnmajah:2019,hadith,"حدثنا ابو بكر بن ابي شيبة، حدثنا عبد الله بن ادريس، عن عبيد الله، عن نافع، عن ابن عمر، قال طلقت امراتي وهي حائض فذكر ذلك عمر لرسول الله  صلى الله عليه وسلم  فقال ‏ ""‏ مره فليراجعها حتى تطهر ثم تحيض ثم تطهر ثم ان شاء طلقها قبل ان يجامعها وان شاء امسكها فانها العدة التي امر الله ‏""‏ ‏.‏","(Abdullah) bin Ömer (r.a.)'den; Şöyle demiştir: Karım aybaşı âdeti içinde iken ben onu (bir talâk ile) boşadım. (Babam) Ömer bu durumu Resulullah (Sallallahu Aleyhi ve Sellem)'» anlattı. Bunun üzerine Resulullah (Sallallahu Aleyhi ve Sellem) : «Oğlun Abdullah'a emret, karısına geri dönsün, sonra kadın temizlenip tekrar aybaşı adetini görüp bundan sonra tekrar temizleninceye kadar onunla birlikte yaşasın. (kadın ikinci kez adetten temizlendikten) Sonra oğlun dilerse onunla cinsel ilişkide bulunmaksızın boşayabilir. Dilerse onunla aile hayatını sürdürebilir. İşte kadının ikinci kez adetten temizlenip henüz bu temizlik halinde onunla cinsel ilişkide bulunmaksızın onu boşamak, Allah'ın müsade ettiği iddet'in başlamasına elverişli olan boşanmadır.» Diğer tahric edenler: Buhari, Müslim, Tirmizi, Ebu Davud, Nesai, Muvatta ve Şafii EBU DAVUD’DAKİ İBN-İ ÖMER’İN BU VAKASINA DAİR HADİSLER VE İZAH: 2179 – 2180 – 2181 – 2182 – 2183 – 2184 –",tr,"Unlicense (aggregator); translator=Unknown; original translator copyright not independently confirmed, see PLAN.md"
hadith:malik:501,hadith,"وحدثني عن مالك، عن زياد بن ابي زياد، عن طلحة بن عبيد الله بن كريز، ان رسول الله صلى الله عليه وسلم قال ‏ ""‏ افضل الدعاء دعاء يوم عرفة وافضل ما قلت انا والنبيون من قبلي لا اله الا الله وحده لا شريك له ‏""‏ ‏.‏","Talha b. Ubeydillah b. Keriz'den: Resulullah Sallallahu Aleyhi ve Sellem şöyle buyurmuştur: «Duaların en efdali Arafat'ta yapılandır. Benim ve benden önceki Nebilerin yaptığı en faziletli dua da şudur: «— Allah'tan başka ilah yoktur, o her bakımdan tektir, ortağı ve benzeri yoktur.» Diğer tahric: Tirmizî, Da'avat (Amr b. Şuayb -babası- dedesi senediyle merfu olarak)",tr,"Unlicense (aggregator); translator=Unknown; original translator copyright not independently confirmed, see PLAN.md"
hadith:bukhari:5618,hadith,حدثنا مالك بن اسماعيل، حدثنا عبد العزيز بن ابي سلمة، اخبرنا ابو النضر، عن عمير، مولى ابن عباس عن ام الفضل بنت الحارث، انها ارسلت الى النبي صلى الله عليه وسلم بقدح لبن، وهو واقف عشية عرفة، فاخذ بيده فشربه‏.‏ زاد مالك عن ابي النضر على بعيره‏.‏,"Haris kızı Ümmü el-Fadl'dan rivayete göre o ""Nebi Sallallahu Aleyhi ve Sellem'e ikindi vakti Arafe'de vakfede iken bir kase süt gönderdi. O da o sütü eliyle alıp içti."" Malik , Ebu'n-Nadr'dan: ""Devesi üzerinde olduğu halde"" fazlalığını da eklemiştir",tr,"Unlicense (aggregator); translator=Unknown; original translator copyright not independently confirmed, see PLAN.md"
hadith:muslim:271,hadith,وحدثني اسحاق بن منصور، اخبرنا معاذ، - وهو ابن هشام - قال حدثني ابي، عن ابي الزبير، عن جابر، ان نبي الله صلى الله عليه وسلم قال بمثله ‏.‏,"Bize İshak b. Mansur da tahdisetti. Bize Muaz -ki o ibn Hişam'dır haber verdi. Bana babam Ebu'z-Zubeyr'den tahdis etti. O Cabir'den rivayet ettiğine göre, Allah'ın Nebisi (Sallallahu aleyhi ve Sellem) buyurdu deyip, hadisi aynen nakletti. Yalnız Müslim rivayet etmiştir; Tuhfetu'l-Eşraf, 2980 DAVUDOĞLU ŞERHİ İÇİN buraya tıklayın",tr,"Unlicense (aggregator); translator=Unknown; original translator copyright not independently confirmed, see PLAN.md"
hadith:ibnmajah:1363,hadith,حدثنا ابو بكر بن خلاد الباهلي، حدثنا معن بن عيسى، حدثنا مالك بن انس، عن مخرمة بن سليمان، عن كريب، مولى ابن عباس عن ابن عباس، اخبره انه، نام عند ميمونة زوج النبي  صلى الله عليه وسلم  - وهي خالته - قال فاضطجعت في عرض الوسادة واضطجع رسول الله  صلى الله عليه وسلم  واهله في طولها فنام النبي  صلى الله عليه وسلم  حتى اذا انتصف الليل او قبله بقليل او بعده بقليل استيقظ النبي  صلى الله عليه وسلم  فجعل يمسح النوم عن وجهه بيده ثم قرا العشر ايات من اخر سورة ال عمران ثم قام الى شن معلقة فتوضا منها فاحسن وضوءه ثم قام يصلي ‏.‏ قال عبد الله بن عباس فقمت فصنعت مثل ما صنع ثم ذهبت فقمت الى جنبه فوضع رسول الله  صلى الله عليه وسلم  يده اليمنى على راسي واخذ اذني اليمنى يفتلها فصلى ركعتين ثم ركعتين ثم ركعتين ثم ركعتين ثم ركعتين ثم ركعتين ثم اوتر ‏.‏ ثم اضطجع حتى جاءه المؤذن فصلى ركعتين خفيفتين ثم خرج الى الصلاة ‏.‏,"(Abdullah) İbn-İ Abbas (r.a.)'dan rivayet edildiğine göre kendisi teyzesi olan Nebi (Sallallahu Aleyhi ve Sellem)'in muhterem eşlerinden Meymune (r.anha)'nın odasında bir gece yatmış ve şoyle demiştir : Ben yastığın genişliği istikametinde uzandım. Resulullah (Sallallahu Aleyhi ve Sellem) ve eşi, yastığın uzunluğu istikametinde uzandılar. Nebi (Sallallahu Aleyhi ve Sellem) uyudu. Gece yarısı veya biraz önce yahut biraz sonra Nebi (Sallallahu Aleyhi ve Sellem) uyandı ve elini yüzüne sürerek uykuyu kaçırdıktan sonra Al-i İmran suresinin sonundaki on ayeti okudu. Sonra asılı olan bir su kırbasına doğru giderek ondan güzelce abdest aldı ve namaz kılmaya başladı. Abdullah bin Abbas (r.a.) demiştir ki: Ben de kalktım ve Onun yaptığının mislini (gibisini) yaptım. Sonra gidip Onun (sol) tarafında namaza durdum. Resulullah (Sallallahu Aleyhi ve Sellem) sağ elini başıma koydu ve sağ kulağımı tutup bükmeye başladı. İki rekat namaz kıldı, sonra iki rek'at kıldı, sonra iki rek'at kıldı, sonra iki rek'at kıldı, sonra iki rek'at kıldı, sonra iki rek'at kıldı sonra tek rek'at olarak vitir kıldı. Sonra müezzin Ona gelinceye kadar uzandı. (Müezzin gelince) hafif iki rek'at kılarak sabah namazına çıktı."" Diğer tahric: Bu hadisi Malik ve Kütüb-i Sitte sahipleri ile Beyhaki de rivayet etmişlerdir",tr,"Unlicense (aggregator); translator=Unknown; original translator copyright not independently confirmed, see PLAN.md"
hadith:bukhari:2591,hadith,"حدثنا عبيد الله بن سعيد، حدثنا عبد الله بن نمير، حدثنا هشام بن عروة، عن فاطمة، عن اسماء، ان رسول الله صلى الله عليه وسلم قال ‏ ""‏ انفقي ولا تحصي فيحصي الله عليك، ولا توعي فيوعي الله عليك ‏""‏‏.‏","Esma r.anha'dan rivayet edilmiştir: Allah Resulü Sallallahu Aleyhi ve Sellem ""İnfak et ve hesabını tutma ki Allah da sana verdiği nimetlerini tutar, çömlekte para saklama, sonra Allah da senden saklar"" buyurmuştur",tr,"Unlicense (aggregator); translator=Unknown; original translator copyright not independently confirmed, see PLAN.md"
hadith:muslim:2799,hadith,"وحدثنا ابن ابي عمر، قال حدثنا سفيان، عن عمرو، عن عطاء، عن صفوان بن، يعلى عن ابيه، قال اتى النبي صلى الله عليه وسلم رجل وهو بالجعرانة وانا عند النبي صلى الله عليه وسلم وعليه مقطعات - يعني جبة - وهو متضمخ بالخلوق فقال اني احرمت بالعمرة وعلى هذا وانا متضمخ بالخلوق ‏.‏ فقال له النبي صلى الله عليه وسلم ‏""‏ ما كنت صانعا في حجك ‏""‏ ‏.‏ قال انزع عني هذه الثياب واغسل عني هذا الخلوق ‏.‏ فقال له النبي صلى الله عليه وسلم ‏""‏ ما كنت صانعا في حجك فاصنعه في عمرتك ‏""‏ ‏.‏","Bize ibni Ebi Ömer rivayet etti. (Dediki): Bize Süfyân, Amr'dan, o da Atâ'dan, o da Safvân b. Ya'la'dan, o da babasından naklen rivayet etti. Babası şöyle demiş : Nebi (Sallallahu Aleyhi ve Sellem) Ci'râme'deyken yanına bir adam geldi, ben de Nebi (Sallallahu Aleyhi ve Sellem)'in yanında bulunuyordum. Adamın üzerinde mukattaat denilen biçilmiş bir cübbe vardı. Adam halûka bulanmış idi. Resulullah (Sallallahu Aleyhi ve Sellem)'e: — «Ben Umreye niyet ettim, üzerimde bu cübbe var. Halûka bulanmış haldeyim.» dedi. Nebi (Sallallahu Aleyhi ve Sellem) ona: — «Haccetmiş olsan ne yapardın ?» diye sordu, o zât: — «Üzerimden bu elbiseyi çıkarır ve bu halûku bedenimden yıkardım.» dedi. Nebi (Sallallahu Aleyhi ve Sellem): — «Haccetmiş olsan ne yaparsan. Umrende de onu yap.» buyurdular",tr,"Unlicense (aggregator); translator=Unknown; original translator copyright not independently confirmed, see PLAN.md"
hadith:muslim:4155,hadith,حدثنا ابو كريب، حدثنا يحيى، - يعني ابن ادم - حدثنا عمار، - وهو ابن رزيق - عن ابي اسحاق، عن البراء، بمثله غير انه قال اخر سورة انزلت كاملة ‏.‏,"{…} Bize Ebû Küreyb rivayet etti. (Dediki): Bize Yahya yânı İbni Adem rivayet etti. (Dediki): Bize Ammar —ki İbni Züreyk'tir—, Ebû İshak'tan, o da Berâ'dan bu hadîsin mislini rivayet etti. Şu kadar varki o: «Kâmil olarak indirilen son sûre...» dedi",tr,"Unlicense (aggregator); translator=Unknown; original translator copyright not independently confirmed, see PLAN.md"
hadith:muslim:7249,hadith,"حدثني اسحاق بن منصور، اخبرنا ابو داود الطيالسي، حدثنا ابراهيم بن سعد، عن ابيه، عن ابي سلمة، عن ابي هريرة، قال قال النبي صلى الله عليه وسلم ‏ ""‏ تكون فتنة النائم فيها خير من اليقظان واليقظان فيها خير من القائم والقائم فيها خير من الساعي فمن وجد ملجا او معاذا فليستعذ ‏""‏ ‏.‏","Bana İshak b. Mansûr rivayet etti. (Dediki): Bize Ebû Dâvud Et-Tayâlîsî haber verdi. (Dediki): Bize İbrahim b. Sa'd, babasından, o da Ebû Seleme'den, o da Ebû Hureyre'den naklen rivayet etti. (Şöyle demiş): Nebi (Sallallahu Aleyhi ve Sellem): «Bir fitne olacaktır. O fitnede uyuyan uyanıktan daha hayırlı, uyanık ayakta durandan, ayakta duran da koşandan daha hayırlıdır. Her kim bir sığınak yahut korunacak yer bulursa, hemen sığınsın.» buyurdular. İZAH 2887 DE",tr,"Unlicense (aggregator); translator=Unknown; original translator copyright not independently confirmed, see PLAN.md"
hadith:abudawud:47,hadith,"حدثنا ابراهيم بن موسى، اخبرنا عيسى بن يونس، حدثنا محمد بن اسحاق، عن محمد بن ابراهيم التيمي، عن ابي سلمة بن عبد الرحمن، عن زيد بن خالد الجهني، قال سمعت رسول الله صلى الله عليه وسلم يقول ‏ ""‏ لولا ان اشق على امتي لامرتهم بالسواك عند كل صلاة ‏""‏ ‏.‏ قال ابو سلمة فرايت زيدا يجلس في المسجد وان السواك من اذنه موضع القلم من اذن الكاتب فكلما قام الى الصلاة استاك ‏.‏","Zeyd b. Halid el-Cüheni'den, demiştir ki; Resulullah (sallallahu aleyhi ve sellem)ı, şöyle buyururken işittim: ""Mu'minlere sıkıntı vermeyecek olsaydım, her namaz'da misvak kullanmalarını emrederdim” (Hadisi Zeyd'den rivayet eden (Ebu Seleme de dedi ki: ""Ben Zeyd'i kulağına -katiplerin kulaklarına kalem koydukları yere misvak koymuş olarak mescidde otururken gördüm. Her namaza kalkışında misvak kullanırdı."" Buharî, cuma; temennî, savm; Müslim, tahâre; Tirmizî, tahâre; Nesâî, tahâre ; Mevâkît İbn Mâce, tahâre; Dârimî, salât; Muvatta, tahâre, Ahmed b. Hanbel)",tr,"Unlicense (aggregator); translator=Unknown; original translator copyright not independently confirmed, see PLAN.md"
hadith:abudawud:4435,hadith,"حدثنا عبدة بن عبد الله، ومحمد بن داود بن صبيح، قال عبدة اخبرنا حرمي بن حفص، قال حدثنا محمد بن عبد الله بن علاثة، حدثنا عبد العزيز بن عمر بن عبد العزيز، ان خالد بن اللجلاج، حدثه ان اللجلاج اباه اخبره انه، كان قاعدا يعتمل في السوق فمرت امراة تحمل صبيا فثار الناس معها وثرت فيمن ثار فانتهيت الى النبي صلى الله عليه وسلم وهو يقول ‏""‏ من ابو هذا معك ‏""‏ ‏.‏ فسكتت فقال شاب حذوها انا ابوه يا رسول الله ‏.‏ فاقبل عليها فقال ‏""‏ من ابو هذا معك ‏""‏ ‏.‏ قال الفتى انا ابوه يا رسول الله ‏.‏ فنظر رسول الله صلى الله عليه وسلم الى بعض من حوله يسالهم عنه فقالوا ما علمنا الا خيرا ‏.‏ فقال له النبي صلى الله عليه وسلم ‏""‏ احصنت ‏""‏ ‏.‏ قال نعم ‏.‏ فامر به فرجم ‏.‏ قال فخرجنا به فحفرنا له حتى امكنا ثم رميناه بالحجارة حتى هدا فجاء رجل يسال عن المرجوم فانطلقنا به الى النبي صلى الله عليه وسلم فقلنا هذا جاء يسال عن الخبيث ‏.‏ فقال رسول الله صلى الله عليه وسلم ‏""‏ لهو اطيب عند الله من ريح المسك ‏""‏ ‏.‏ فاذا هو ابوه فاعناه على غسله وتكفينه ودفنه وما ادري قال والصلاة عليه ام لا ‏.‏ وهذا حديث عبدة وهو اتم ‏.‏","Hâlid b. Leclâc, babası Leclâc'ın şöyle haber verdiğini rivayet etmiştir: O (Leclâc) çarşıda kendi kendine oturduğu yerde çalışıyordu. Kucağında bir çocuk taşıyan bir kadın geçti. (Leclâc der ki): İnsanlar onunla birlikte koşuştular, ben de yürüdüm. Rasulullah (s.a.v.)'in yanına vardım. Rasulullah (s.a.v.): ""Bunun babası kim?"" buyurdu. Kadın sustu (karşılık vermedi). Kadın'ın hizasında duran bir genç; ""Onun babası benim, Yâ Rasulullah!"" dedi. Rasulullah, kadına dönüp; ""Yanındaki bu çocuğun babası kim?"" buyurdu. Genç yine: ""Onun babası benim, Yâ Rasulullah !"" dedi. Rasulullah (s.a.v.) etrafında duran bazılarına baktı. Onlara gencin durumunu soruyordu. Onlar ""Biz onun hakkında hayırdan başka bir şey bilmeyiz"" dediler. Bunun üzerine Hz. Nebi (s.a.v.) gence: ""Muhsan mısın?"" dedi: Genç: ""Evet"" dedi. Rasulullah (s.a.v.) onun recmedilmesini emretti. Genci çıkardık, onun için, bize recm imkânı verecek kadar bir çukur kazdık, sonra hareketsiz kalıncaya (ölünceye) kadar ona taş attık. Recmedilen genci soran bir adam geldi. Onu alıp, Rasulullah'a götürdük ve: ""Bu adam o habisi sormaya geldi"" dedik. Rasulullah (s.a.v.): ""Şüphesiz o Allah katında misk kokusundan daha güzeldir"" buyurdu. Bir de gördük ki, o adam gencin babası imiş. Genci; yıkamakta, kefenlemekte ve defnetmekte adama yardım ettik."" Râvi diyor ki; ""Namazda"" dedi mi, demedi mi bilmiyorum."" Bu Abde'nin hadisidir ve bu daha tamdır",tr,"Unlicense (aggregator); translator=Unknown; original translator copyright not independently confirmed, see PLAN.md"
hadith:muslim:5027,hadith,"حدثنا يحيى بن يحيى، ويحيى بن ايوب، وقتيبة، وابن، حجر عن اسماعيل، قال يحيى بن يحيى اخبرنا اسماعيل بن جعفر، عن عبد الله بن دينار، انه سمع ابن عمر، يقول سئل النبي صلى الله عليه وسلم عن الضب فقال ‏ ""‏ لست باكله ولا محرمه ‏""‏ ‏.‏","Bize Yahya b. Yahya ile Yahya b. Eyyûb, Kuteybe ve ibni Hucr, ismail'den rivayet elliler. Yahya b. Yahya Dediki: Bize ismail b. Ca'fer, Abdullah b. Dinar'dan naklen haber verdi ki Abdullah, îbnü Ömer'i şunu söylerken işitmiş: Nebi (Sallallahu Aleyhi ve Sellem)'e kelerin hükmü soruldu da: «Ben onu ne yerim ne de haram kılarım» buyurdular",tr,"Unlicense (aggregator); translator=Unknown; original translator copyright not independently confirmed, see PLAN.md"
hadith:bukhari:1548,hadith,حدثنا سليمان بن حرب، حدثنا حماد بن زيد، عن ايوب، عن ابي قلابة، عن انس  رضى الله عنه  قال صلى النبي صلى الله عليه وسلم بالمدينة الظهر اربعا، والعصر بذي الحليفة ركعتين، وسمعتهم يصرخون بهما جميعا‏.‏,"Enes İbn Malik r.a. şöyle nakleder: ""Resulullah Sallallahu Aleyhi ve Sellem öğle namazını Medine'de dört rekat, ikindi namazını Zul-Huleyfe'de iki rekat olarak kılmıştır. Onların, hem hac hem de umre için gidenlerin, (telbiye getirirken) seslerini hep birlikte yükselttiklerini işittim",tr,"Unlicense (aggregator); translator=Unknown; original translator copyright not independently confirmed, see PLAN.md"
hadith:tirmidhi:1669,hadith,"حدثنا زياد بن ايوب، حدثنا يزيد بن هارون، انبانا الوليد بن جميل الفلسطيني، عن القاسم ابي عبد الرحمن، عن ابي امامة، عن النبي صلى الله عليه وسلم قال ‏ ""‏ ليس شيء احب الى الله من قطرتين واثرين قطرة من دموع في خشية الله وقطرة دم تهراق في سبيل الله ‏.‏ واما الاثران فاثر في سبيل الله واثر في فريضة من فرائض الله ‏""‏ ‏.‏ قال هذا حديث حسن غريب ‏.‏ ‏","Ebû Umâme (r.a.)’den rivâyete göre, Nebi (s.a.v.) şöyle buyurmuştur: “Hiçbir şey Allah’a iki damla ve iki iz’den daha sevimli değildir. Allah’ın azabından korkarak ağlayan kişinin gözünden akan damla ile Allah yolunda savaş meydanında akıtılan kan damlası, iz’e gelince: Biri Allah yolunda savaşırken meydana gelen sakatlanma ve yara izi diğeri de Allah’ın farz kıldığı ibadetleri yaparken meydana gelen secde izi gibi.” Tirmizî rivâyet etmiştir. Tirmizî: Bu hadis hasen garibtir",tr,"Unlicense (aggregator); translator=Unknown; original translator copyright not independently confirmed, see PLAN.md"
hadith:abudawud:4241,hadith,"حدثنا هارون بن عبد الله، حدثنا ابو داود الحفري، عن بدر بن عثمان، عن عامر، عن رجل، عن عبد الله، عن النبي صلى الله عليه وسلم قال ‏ ""‏ يكون في هذه الامة اربع فتن في اخرها الفناء ‏""‏ ‏.‏",Abdullah (b. Mes'ud) (r.a)'den; Rasûlullah'ın (s.a.v.)'in şöyle bu­yurduğu rivayet edilmiştir: Bu ümmtte dört tane fitne meydana gelecektir. Onların sonunda yokluk vardır,tr,"Unlicense (aggregator); translator=Unknown; original translator copyright not independently confirmed, see PLAN.md"
hadith:tirmidhi:2601,hadith,"حدثنا سويد بن نصر، اخبرنا عبد الله بن المبارك، عن يحيى بن عبيد الله، عن ابيه، عن ابي هريرة، قال قال رسول الله صلى الله عليه وسلم ‏ ""‏ ما رايت مثل النار نام هاربها ولا مثل الجنة نام طالبها ‏""‏ ‏.‏ قال ابو عيسى هذا حديث انما نعرفه من حديث يحيى بن عبيد الله ‏.‏ ويحيى بن عبيد الله ضعيف عند اهل الحديث تكلم فيه شعبة ويحيى بن عبيد الله هو ابن موهب وهو مدني ‏.‏","Ebu Hureyre (r.a.)’den rivâyete göre, Rasulullah (Sallallahu aleyhi ve Sellem) şöyle buyurmuştur: “Cehennemden kaçıp, o'na karşı tedbir almayıp uyuyan; veya cennet'i isteyip cennetlik ameller yapmamak suretiyle uyuyan kimseler gibisini görmedim.” Tirmizî rivâyet etmiştir. Tirmizî: Bu hadisi sadece Yahya b. Ubeydullah’ın rivâyetiyle bilmekteyiz. Yahya b. Ubeydullah hadisçiler yanında zayıftır. Şu’be onun hakkında söz etmiştir. Yahya b. Ubeydullah’ın adı İbn Mevhib olup Medînelidir",tr,"Unlicense (aggregator); translator=Unknown; original translator copyright not independently confirmed, see PLAN.md"
hadith:abudawud:4706,hadith,"حدثنا محمود بن خالد، حدثنا الفريابي، عن اسرائيل، حدثنا ابو اسحاق، عن سعيد بن جبير، عن ابن عباس، قال حدثنا ابى بن كعب، قال سمعت رسول الله صلى الله عليه وسلم يقول في قوله ‏{‏ واما الغلام فكان ابواه مؤمنين ‏}‏ ‏""‏ وكان طبع يوم طبع كافرا ‏""‏ ‏.‏","Ubeyy b. Ka'b (şöyle) dedi: Ben Rasûlulullah (s.a.v.)'i: ""Oğlana gelince, onun anne ve babası mu'min idi...""[Kehf 80] ayeti hakkında: (""Bu çocuk) yaratıldığı gün (eğer yaşarsa) kafir olarak (yaşamayı tercih edecektir, diye) yaratılmıştı"" derken işittim",tr,"Unlicense (aggregator); translator=Unknown; original translator copyright not independently confirmed, see PLAN.md"
hadith:tirmidhi:473,hadith,"حدثنا ابو كريب، محمد بن العلاء حدثنا يونس بن بكير، عن محمد بن اسحاق، قال حدثني موسى بن فلان بن انس، عن عمه، ثمامة بن انس بن مالك عن انس بن مالك، قال قال رسول الله صلى الله عليه وسلم ‏ ""‏ من صلى الضحى ثنتى عشرة ركعة بنى الله له قصرا من ذهب في الجنة ‏""‏ ‏.‏ قال وفي الباب عن ام هانئ وابي هريرة ونعيم بن همار وابي ذر وعائشة وابي امامة وعتبة بن عبد السلمي وابن ابي اوفى وابي سعيد وزيد بن ارقم وابن عباس ‏.‏ قال ابو عيسى حديث انس حديث غريب لا نعرفه الا من هذا الوجه ‏.‏","Enes b. Mâlik (radıyallahü anh)’den rivâyete göre, Rasûlüllah (sallallahü aleyhi ve sellem) şöyle buyurmuştur: “Kim on iki rek’at kuşluk namazı kılarsa Allah o kimseye Cennet’te altından bir köşk yapar.” (Müslim, Müsafirîn: 13; Ebû Dâvûd, Tatavvu: 12) Bu konuda Ümmü Hanî, Ebû Hüreyre, Nuaym b. Hemmar, Ebû Zerr, Âişe, Ebû Ümâme, Utbe b. Abdis Sülemî, İbn ebî Evfâ, Ebû Saîd, Zeyd b. Erkâm ve İbn Abbâs’tan da hadis rivâyet edilmiştir. Enes hadisi garibtir, sadece bu şekliyle bilmekteyiz",tr,"Unlicense (aggregator); translator=Unknown; original translator copyright not independently confirmed, see PLAN.md"
hadith:abudawud:4831,hadith,"حدثنا عبد الله بن الصباح العطار، حدثنا سعيد بن عامر، عن شبيل بن عزرة، عن انس بن مالك، عن النبي صلى الله عليه وسلم قال ‏ ""‏ مثل الجليس الصالح ‏""‏ ‏.‏ فذكر نحوه ‏.‏","Enes İbn Malik'den (rivayet edildiğine göre): Nebi (s.a.v.) (şöyle) buyurmuştur: ""İyi Arkadaşın benzeri..."" deyip.(Hadisin bundan sonraki kısmında Hz. Enes 4829 no'lu hadisin) bir benzerini rivayet etmiştir",tr,"Unlicense (aggregator); translator=Unknown; original translator copyright not independently confirmed, see PLAN.md"
hadith:ibnmajah:2803,hadith,"حدثنا ابو بكر بن ابي شيبة، حدثنا وكيع، عن ابي العميس، عن عبد الله بن عبد الله بن جابر بن عتيك، عن ابيه، عن جده، انه مرض فاتاه النبي صلى الله عليه وسلم يعوده فقال قائل من اهله ان كنا لنرجو ان تكون وفاته قتل شهادة في سبيل الله ‏.‏ فقال رسول الله صلى الله عليه وسلم ‏ ""‏ ان شهداء امتي اذا لقليل القتل في سبيل الله شهادة والمطعون شهادة والمراة تموت بجمع شهادة - يعني الحامل - والغرق والحرق والمجنوب - يعني ذات الجنب - شهادة ‏""‏ ‏.‏","Câbir bin Atik- (bin Kays) (r.a.)'den rivayet edildiğine göre: Kendisi (bir ara) hastalandı. Peygamber (Sallallahu Aleyhi ve Sellem) de kendisini hastalığı dolayısıyla ziyaret etti. Bu esnada kendisinin aile ferdlerinden biri: Biz onun vefatının Allah yolunda şehid edilmek suretiyle olmasını cidden umuyorduk, dedi. Bu söz üzerine Resulullah (Sallallahu Aleyhi ve Sellem): «O zaman (yâni sandığınız gibi şehidlik ancak cihadda öldürülmekten ibaret olunca) ümmetimin şehidîeri şüphesiz azdır. Allah yolunda öldürülmek şehîdliktir. Veba hastalığıyla ölen şehîddir, cümu ile (yâni hâmile iken) ölen kadın şehîddir ve suda boğulan, ateşte yanarak ölen ve mecnûb (yâni zâtü'l-cenb hastalığıyla) ölen kimseler de şehîddirler.» buyurdu",tr,"Unlicense (aggregator); translator=Unknown; original translator copyright not independently confirmed, see PLAN.md"
hadith:muslim:6718,hadith,"حدثنا عثمان بن ابي شيبة، واسحاق بن ابراهيم، قال اسحاق اخبرنا وقال، عثمان حدثنا جرير، عن الاعمش، عن ابي وائل، عن عبد الله، قال جاء رجل الى رسول الله صلى الله عليه وسلم فقال يا رسول الله كيف ترى في رجل احب قوما ولما يلحق بهم قال رسول الله صلى الله عليه وسلم ‏ ""‏ المرء مع من احب ‏""‏ ‏.‏","Bize Osman b. Ebî Şeybe ile İshâk b. İbrahim rivayet ettiler. İshak: Ahberanâ; Osman ise: Haddesenâ tâbirlerini kullandılar, (Dedilerki): Bize Cerîr, A'meş'den, o da Ebû Vâil'den, o da Abdullah'dan naklen rivayet etti. Abdullah şöyle demiş: Bir adam Resulullah (Sallallahu Aleyhi ve Sellem)'e gelevek : — Yâ Resûlallah! Bir kavmi onlara yetinmediği halde seven bir adam hakkında ne buyurursun? dedi. Resûlullah (Sallallahu Aleyhi ve Sellem): «Kişi sevdikleriyle beraberdir.» buyurdular",tr,"Unlicense (aggregator); translator=Unknown; original translator copyright not independently confirmed, see PLAN.md"
hadith:abudawud:2206,hadith,"حدثنا ابن السرح، وابراهيم بن خالد الكلبي ابو ثور، - في اخرين - قالوا حدثنا محمد بن ادريس الشافعي، حدثني عمي، محمد بن علي بن شافع عن عبد الله بن علي بن السائب، عن نافع بن عجير بن عبد يزيد بن ركانة، ان ركانة بن عبد يزيد، طلق امراته سهيمة البتة فاخبر النبي صلى الله عليه وسلم بذلك وقال والله ما اردت الا واحدة ‏.‏ فقال رسول الله صلى الله عليه وسلم ‏ ""‏ والله ما اردت الا واحدة ‏""‏ ‏.‏ فقال ركانة والله ما اردت الا واحدة ‏.‏ فردها اليه رسول الله صلى الله عليه وسلم فطلقها الثانية في زمان عمر والثالثة في زمان عثمان ‏.‏ قال ابو داود اوله لفظ ابراهيم واخره لفظ ابن السرح ‏.‏","Nâfi b. Uceyr b. Abdi Yezid b. Rükâne'den rivayet olunduğuna göre, Rükâne b. Abdi Yezid hanımını ""elbette"" (sözünü kullanarak kesin bir şekilde) boşadıktan sonra, bunu Nebi (s.a.v.)'e bildirmiş ve; Vallahi bir (talak)'dan fazlasına niyyet etmedim, demiş. Rasûlullah (s.a.v.) de; ""Sen bir (talak)'dan fazlasına niyyet etmediğine dâir Allaha yemin (mi ediyorsun?)"" buyurmuş. Rükâne de: ""Vallahi bir (talak)'dan fazlasına niyyet etmedim"" cevabını verince, Rasûlullah (s.a.v.) Rükâne'ye karısını geri göndermiş. Bir süre sonra Rükâne onu Ömer (r.a.) zamanında ikinci (defa) Osman (r.a.) zamanında da üçüncü (defa) boşadı",tr,"Unlicense (aggregator); translator=Unknown; original translator copyright not independently confirmed, see PLAN.md"
hadith:ibnmajah:4319,hadith,"حدثنا ابو بكر بن ابي شيبة، حدثنا عبد الله بن ادريس، عن الاعمش، عن ابي صالح، عن ابي هريرة، قال قال رسول الله  صلى الله عليه وسلم  ‏ ""‏ اشتكت النار الى ربها فقالت يا رب اكل بعضي بعضا ‏.‏ فجعل لها نفسين نفس في الشتاء ونفس في الصيف فشدة ما تجدون من البرد من زمهريرها وشدة ما تجدون من الحر من سمومها ‏""‏ ‏.‏","Ebu Hureyre (r.a.)'dan rivayet edildiğine göre; Resulullah (Sallallahu Aleyhi ve Sellem) şöyle buyurdu, demiştir: Cehenem, Rabbine şikayet ederek: Ya Rabbit Ben kendi kendimi yedim, dedi. Bunun üzerine Allah o'na iki (defa) nefes (vermesi) için izin verdi. Bir nefes kışın, bir nefes de yazın (dır). İşte bulduğunuz şiddetli soğuk, cehennemin zemherîrindendir, bulduğunuz şiddetli sıcak da onun hararetindendir",tr,"Unlicense (aggregator); translator=Unknown; original translator copyright not independently confirmed, see PLAN.md"
